{
    "mean": [
      12.9226948,
      12.5916667,
      5.84166667,
      3.97604167,
      68.6947917,
      49.1010417,
      5.50625,  
      2.00729167,
      0.510416667,
      2611.90521,
      22.8333333,
      0.514583333,
      3.0125,
      13.6229167,
      7.71145833,
      0.214583333,
      0.298958333,
      0.486458333,
      0.398958333,
      0.601041667,
      0.491666667,
      0.508333333
    ],
    "scale": [
      2.88145507,
      7.47523225,
      3.7815249,
      2.52785502,
      17.6903214,
      28.2127926,
      2.83981413,
      1.38328901,
      0.499891481,
      1364.54827,
      4.37337271,
      0.499787281,
      2.01810813,
      7.99723232,
      4.56835514,
      0.410532978,
      0.457801538,
      0.49981659,
      0.489684165,
      0.489684165,
      0.499930551,
      0.499930551
    ]
  }
  