{
  "means": [
    12.922694841873271,
    12.591666666666667,
    5.841666666666667,
    3.9760416666666667,
    68.69479166666666,
    49.10104166666667,
    5.50625,
    2.0072916666666667,
    0.5104166666666666,
    2611.905208333333,
    22.833333333333332,
    0.5145833333333333,
    3.0125,
    13.622916666666667,
    7.711458333333334,
    0.21458333333333332,
    0.2989583333333333,
    0.4864583333333333,
    0.39895833333333336,
    0.6010416666666667,
    0.49166666666666664,
    0.5083333333333333
  ],
  "stds": [
    2.881455070883414,
    7.475232252058954,
    3.7815248981800367,
    2.527855019233473,
    17.690321446295535,
    28.212792587434503,
    2.8398141261063836,
    1.383289014726807,
    0.49989148127924177,
    1364.5482694123375,
    4.373372713237338,
    0.49978728113957244,
    2.0181081280909225,
    7.997232322897021,
    4.5683551423457915,
    0.41053297844252423,
    0.4578015380750543,
    0.4998165896245259,
    0.48968416514853913,
    0.48968416514853913,
    0.49993055073235626,
    0.49993055073235626
  ]
}